word_A,A,word_B,B,word_C,C,word_D,D,word_E,E,word_F,F,word_G,G,word_H,H
invention,4055,premalignant,4986,slags,3000,least,2998,wellbore,2479,said,2492,adm,1997,inverter,997
relates,2646,national,4921,laterite,2989,invention,2994,drilling,2467,least,2480,securitybox,1977,probability,995
comprising,2103,aramide,4912,heteroarylalkyl,2970,one,2985,anchoring,2463,one,2425,decision,1975,correlation,993
present,1948,rheumatic,4901,ferrous,2963,material,2976,barrier,2429,invention,2395,proponent,1973,division,991
one,1926,hcg,4856,sieve,2961,comprising,2954,securing,2422,first,2361,banker,1943,ip,987
said,1792,aspherical,4798,secreted,2941,method,2947,groove,2416,second,2332,views,1937,stereoscopic,982
use,1630,imazamox,4785,c36,2927,relates,2938,floor,2409,gas,2329,metric,1922,playback,982
compounds,1568,htam,4763,ti,2913,said,2938,retaining,2399,device,2325,microsystem,1904,filming,980
least,1528,terminate,4681,sulfuric,2904,first,2895,impact,2388,comprising,2311,served,1889,mast,970
thereof,1309,adjuvanting,4674,polymerizing,2903,process,2807,female,2385,comprises,2296,lowerspeed,1850,inputs,970
treatment,1262,sor9,4662,moles,2882,means,2795,fastening,2377,valve,2273,vote,1849,multichannel,964
wherein,1249,defoaming,4596,fibroblast,2824,present,2784,male,2367,relates,2250,price,1827,expander,959
formula,1241,cpg,4583,dispersant,2819,surface,2772,earth,2359,means,2244,pressuretight,1819,terminating,958
compositions,1181,disperses,4554,sizing,2783,second,2762,plug,2359,chamber,2242,repetitive,1816,wavefront,942
method,1112,cocatalyst,4545,quinazoline,2773,comprises,2755,lever,2349,system,2193,mined,1807,exists,942
also,1042,ch2s,4541,nc,2767,composition,2749,sliding,2343,surface,2188,isoelectric,1780,ru,940
composition,993,vacant,4493,mercury,2758,wherein,2718,reinforcing,2341,pressure,2187,quantification,1759,junction,933
pharmaceutical,912,psychotherapeutic,4478,heterocycles,2738,weight,2710,fluids,2333,method,2159,bump,1729,sends,933
methods,865,boneengagement,4439,c23,2728,use,2698,expanded,2321,fluid,2143,haemochromatosis,1727,neighboring,930
comprises,864,nifedipine,4283,viscosifier,2704,layer,2693,transverse,2315,element,2136,alteration,1719,characters,930
group,843,heatactivated,4234,polyamine,2685,product,2684,platform,2314,end,2119,tip49,1709,likely,915
device,755,cysteinerich,4222,paints,2659,two,2677,faces,2309,body,2103,synergism,1700,protects,911
first,748,multiplier,4202,murine,2624,also,2652,cross,2303,provided,2102,resolved,1687,ease,906
form,707,oleaginous,4199,meta,2619,water,2627,clamping,2300,portion,2090,halfway,1669,optimized,906
active,684,04r,4195,lignocellulose,2617,part,2623,expansion,2298,material,2074,frontal,1655,past,903
compound,682,s1n1,4181,hydration,2615,agent,2623,perpendicular,2263,flow,2069,dntps,1654,develop,902
provided,650,computation,4173,glucan,2564,aqueous,2613,rigid,2205,two,2052,immunology,1643,pinion,901
acid,644,migrate,4172,flax,2534,optionally,2612,extend,2195,heat,2048,accurate,1623,instruments,900
diseases,612,metominostrobin,4018,endosomal,2509,polymer,2577,separator,2193,wherein,2034,bank,1613,protocols,893
containing,596,shallow,4010,c1c2,2503,containing,2574,apart,2168,part,2016,her2,1600,tasks,882
second,581,inhalatory,4009,allergies,2494,used,2521,cement,2162,arranged,2012,age,1591,previous,876
means,575,celiac,3996,uptake,2492,forming,2508,fitting,2141,air,1991,anatomy,1589,lightemitting,867
substituted,571,caso4,3989,traumatic,2472,device,2460,holder,2134,housing,1989,successfully,1556,records,859
acceptable,565,trilinoleate,3951,peptidomimetic,2449,form,2457,hinge,2128,water,1988,annealing,1536,developed,855
provides,558,interposing,3913,nib,2436,liquid,2390,sheets,2100,also,1985,polysiloxane,1535,atomic,853
material,548,no3,3905,lipolytic,2436,preferably,2358,points,2088,connected,1979,conveniently,1517,affixed,838
particular,541,sequece,3898,exothermic,2429,coating,2346,rotational,2086,member,1971,cleave,1515,torsional,829
pharmaceutically,534,stratification,3888,determinant,2416,side,2335,elevator,2074,includes,1957,nr1,1515,abnormalities,829
alkyl,532,trajectories,3885,cystic,2395,producing,2324,filled,2074,layer,1953,plastically,1506,largest,826
may,530,sod,3871,atomic,2394,particles,2319,partly,2042,outer,1947,exosomes,1497,belts,818
selected,527,nmethyltransferase,3870,agitator,2391,acid,2309,released,2037,inner,1940,recirculated,1475,collect,816
disorders,501,sunflowerextraction,3751,abnormalities,2391,direction,2309,media,2029,stream,1917,predicated,1456,receptacles,812
optionally,488,tentering,3707,5ht6,2325,step,2293,similar,2001,position,1917,focal,1451,weights,798
preparation,483,hypertriglyceridemia,3635,susceptibility,2324,body,2269,disc,2001,unit,1904,hybridisation,1435,engines,784
surface,475,nonpyruvylated,3612,staphylococcus,2286,thereof,2259,radial,1933,elements,1882,realizes,1435,2d,780
treating,474,crunchiness,3597,ru,2232,structure,2251,surrounding,1912,may,1867,discharges,1430,ti,777
system,468,undercurrent,3569,phenolic,2183,amount,2231,rotatable,1911,control,1842,maleimide,1414,disposal,777
salt,467,pyrimidine24dione,3566,optimized,2182,provided,2222,solids,1911,direction,1841,formats,1414,grown,777
body,430,nrcnrdre,3559,largest,2164,high,2218,motion,1874,wall,1838,stabilizers,1398,contiguous,765
r1,429,areformed,3557,immunity,2155,group,2212,oriented,1847,assembly,1829,slight,1393,cyclonic,761
novel,420,abutments,3551,huntington,2152,according,2194,hydrocarbons,1829,plurality,1822,encrypting,1390,tightening,758
two,419,polyhyaluronic,3493,hpv,2143,production,2193,enabling,1802,inlet,1818,twelve,1386,reversed,757
salts,402,dormant,3493,homogenous,2142,air,2149,times,1771,axis,1816,staphylococcal,1379,aesthetic,752
used,399,insipidus,3480,granulated,2114,steps,2148,stem,1741,outlet,1790,beans,1362,shaping,745
useful,396,asphaltene,3470,gasified,2085,based,2140,gap,1714,within,1786,future,1351,overcome,744
portion,394,ari,3438,gag,2061,gas,2130,guiding,1708,liquid,1765,attacks,1342,intravenous,732
agent,394,scumming,3426,belts,2055,products,2115,limited,1697,support,1759,rhtb1,1314,aggressive,728
part,386,betaglucans,3403,autologous,2045,system,2084,identical,1665,form,1730,flanking,1310,accurately,727
defined,382,nephropathies,3401,afterwards,2028,c,2080,performing,1589,plate,1718,crosslink,1287,delimiting,723
end,372,dataset,3369,ribosome,2024,temperature,2075,insert,1579,section,1708,aortic,1282,greatly,711
r2,369,tetrahydropyranylgroup,3355,receptacles,1999,formed,2062,porous,1575,opening,1692,spirals,1281,transponder,709
element,368,electromotors,3314,mucosal,1966,concerns,2061,enables,1551,present,1684,endothelium,1268,susceptibility,698
including,366,carbonbound,3198,likely,1952,substrate,2058,port,1545,including,1641,portland,1253,sideways,693
combination,360,eccentricities,3165,interspace,1945,element,2054,lifting,1538,formed,1631,cathodes,1247,polymerizing,688
process,359,haloalkylthio,3165,grown,1945,treatment,2052,wavelength,1531,apparatus,1601,pva,1242,hinging,686
derivatives,356,triazolylmethyloxiranes,3120,greatly,1905,may,2041,approximately,1505,light,1594,46diamino2,1236,imparting,680
liquid,354,hci,3092,granulating,1897,arranged,2004,good,1490,according,1591,flaring,1233,viscosifier,668
using,354,nonsymmetrical,3068,froth,1886,mixture,1866,compartment,1489,ring,1584,c2c10haloalkenyl,1222,lupin,664
plant,354,multiaxis,3052,filmforming,1876,using,1859,soil,1488,use,1583,trimeres,1211,c36,662
n,342,workstation,3016,consumed,1857,well,1859,defines,1486,frame,1560,antiemetic,1210,persons,661
protein,337,thought,3015,collect,1856,b,1821,upstream,1481,used,1557,nhrc,1209,alter,651
disease,337,maturity,3011,cancerous,1853,solid,1815,duct,1466,side,1548,bridgedpiperidine,1208,longterm,650
cells,335,stoppable,2950,antibiotics,1814,particular,1811,place,1440,located,1542,briquette,1206,margin,649
cancer,329,constraint,2908,alter,1802,heat,1807,chambers,1435,base,1526,ezetimibe,1200,froth,647
plants,326,facet,2880,ageing,1767,apparatus,1774,bonded,1395,process,1509,canisters,1200,antioxidants,646
water,324,nr9r10,2868,terminating,1759,outer,1759,communications,1392,structure,1490,stronger,1198,exothermic,644
amount,324,scarifying,2842,supercritical,1743,particularly,1743,copolymer,1392,longitudinal,1454,isoxazolidine,1192,autologous,642
disclosed,319,22difluorobenzo,2806,radionuclide,1738,within,1671,subsequently,1378,temperature,1451,speeds,1183,cutout,641
member,318,alternatives,2796,protocols,1734,preparing,1664,distributed,1367,component,1425,dehydrating,1159,huntington,638
hydrogen,318,crospovidone,2780,previous,1716,providing,1647,determine,1362,substantially,1412,accelerometers,1149,fibroblast,633
activity,316,sieves,2777,paste,1701,longitudinal,1630,loss,1350,order,1407,disturbances,1105,cystic,631
preferably,300,kras,2717,migration,1688,especially,1604,quantity,1349,upper,1382,condense,1105,manure,625
r3,300,insensitive,2712,manure,1670,provides,1603,recovery,1346,mixture,1379,anhydrides,1101,ferrous,623
position,299,prenatal,2697,lipocalin,1658,end,1592,transparent,1316,along,1376,preprofile,1097,paste,623
preparing,299,trk,2688,ip,1637,portion,1587,direct,1314,lower,1344,arylthio,1073,gag,603
c,293,c2c10alkynyl,2660,imparting,1574,unit,1559,proximal,1313,area,1337,s100,1069,trusses,600
lower,286,1benzothienyl,2657,geometrical,1561,includes,1556,final,1312,particular,1316,wedges,1066,wrap,597
product,286,r407c,2655,exists,1532,pressure,1551,rotary,1310,provides,1304,disconnects,1050,migration,594
well,286,threadlike,2635,electrophoretic,1519,lower,1541,selecting,1310,metal,1304,cor,1025,allergies,589
particularly,280,lowlevel,2631,dosages,1493,flow,1519,change,1277,weight,1293,fluidizing,1005,sieve,586
receptor,278,caspase7,2623,diglyceride,1456,area,1496,initial,1265,high,1290,nitrogencarbon,1003,gasified,586
weight,274,ibs,2604,developed,1443,consisting,1490,adjustment,1223,contact,1282,oxidic,1001,sizing,578
conditions,274,phenyl36,2597,delimiting,1413,compound,1476,plunger,1211,disclosed,1276,lymphocyte,998,conveyance,572
b,273,sinks,2524,conveyance,1407,including,1450,alloy,1209,together,1271,xanthan,981,enclose,569
layer,260,immunoconjugate,2478,analog,1406,solution,1440,barrel,1205,forming,1257,alleviating,974,lipocalin,568
according,257,lamis,2411,aggressive,1371,substantially,1405,heavy,1204,thereof,1254,electroattractor,969,topically,539
described,254,intervening,2335,aesthetic,1361,different,1388,inorganic,1171,well,1241,esterified,965,sulfuric,538
processes,250,muddy,2319,accurately,1361,upper,1377,item,1154,signal,1208,10membered,950,drinks,537
side,249,antitrypsin,2274,2d,1354,contact,1364,whose,1150,preferably,1195,elgii,910,retinal,535
producing,245,gift,2256,weights,1343,region,1361,conductive,1148,container,1177,stirred,908,bogie,530
halogen,244,shellac,2237,symmetrical,1271,groups,1316,transporting,1118,region,1162,r5b,899,towing,519
r4,242,sailing,2214,shaping,1268,chamber,1313,local,1110,relative,1157,superparamagnetic,883,lipolytic,517
base,241,attraction,2199,reversed,1244,active,1304,act,1107,using,1124,brazing,879,flax,514
component,240,aralkyloxy,2195,retinal,1242,member,1291,improving,1095,containing,1123,braced,876,traumatic,492
includes,239,z3oh,2178,reservoirs,1218,preparation,1264,recovering,1064,producing,1121,decolorized,867,pads,488
cell,237,crossbeams,2158,persons,1192,connected,1257,segments,1053,associated,1119,taint,867,stiffness,479
associated,237,organomineral,2150,past,1173,opening,1244,vapour,1052,step,1117,expelling,853,mucosal,477
suitable,235,c5c8cycloalkenyl,2133,overcome,1172,suitable,1239,grinding,1049,carbon,1116,isoindolinone,845,cancerous,465
inhibitors,235,neuroblastoma,2132,milled,1163,axis,1230,receptacle,1045,described,1116,twophase,841,obliquely,462
support,232,nalkylarylaminoalkyl,2103,intravenous,1140,carbon,1227,prepared,1037,steps,1107,latitudes,837,milled,458
fluid,230,lsf,2067,gaba,1133,along,1223,aluminium,1030,plant,1056,mu,817,radionuclide,439
chamber,228,strontium,2028,fabricating,1122,located,1200,vacuum,1027,capable,1055,civil,791,hookshaped,433
represents,226,knocking,2025,ease,1107,formula,1145,improve,1024,controlling,1053,prrs,790,granulated,427
consisting,226,allylderivative,1949,disposal,1069,fluid,1135,reference,1012,providing,1042,feedstocks,784,lignocellulose,425
antibodies,225,schemes,1937,contiguous,1066,disclosed,1132,activated,996,solid,1036,nanodispersion,780,angled,424
controlling,224,singlegenotype,1932,cages,1048,base,1119,database,992,different,1026,mnrarb,778,electrophoretic,421
control,213,nitrilase,1883,antioxidants,1027,container,1112,center,973,treatment,1018,shoes,763,meta,421
mixture,213,quinazolinone,1881,pads,1013,component,1103,pass,959,data,1008,beings,754,notches,419
production,211,monkeys,1867,notches,1011,described,1096,activation,946,production,1008,imidazolium,745,fabricating,418
x,211,alpha2b,1854,name,995,inner,1077,hub,946,concerns,1004,ch2aryl,739,moles,415
atom,211,paratoluenesulfonic,1807,missile,987,section,1056,ceramic,924,particularly,1003,cooalkyl,699,endosomal,406
arranged,210,lpa1,1745,mast,975,binding,1038,wound,910,especially,982,vshaped,699,deflector,395
apparatus,204,parp,1718,longterm,964,together,1014,subjecting,898,c,975,progestin,688,marks,392
general,199,ncyclopropyl4,1681,lattice,955,amino,1013,spray,895,composition,961,ellipse,686,actuators,391
container,197,1butan2ol,1654,junction,954,methods,1009,pipeline,892,defined,921,gated,678,polyamine,380
concerns,194,carbonized,1615,garments,933,treating,1009,dispersed,889,active,898,dimesylate,672,tea,380
polymer,194,acycloguanosine,1551,evacuation,892,n,988,press,888,suitable,895,alphaamylase,663,fsw,341
sequence,193,rearmost,1544,engines,883,x,973,feedstock,869,consisting,888,doramectin,654,name,327
within,191,thetreatment,1530,drinks,880,stream,967,reacting,856,b,887,hydroxylamine,638,gaba,325
opening,190,polycitraconic,1513,division,869,capable,915,tip,847,polymer,871,insulators,632,restrict,320
groups,190,prostaglamndin,1472,develop,845,selected,899,leading,841,selected,851,derivable,616,granulating,317
amino,189,turntable,1399,deflector,838,plurality,898,zinc,826,coating,851,sulfonamides,614,inflated,310
pressure,188,suspicious,1397,cuts,837,elements,878,chloride,820,amount,848,telescopically,609,determinant,293
h,188,hermetic,1387,correlation,816,conditions,873,uv,814,phase,844,alkoxyiminoalkyl,599,missile,293
binding,187,pressurecontrolled,1385,collapsible,807,order,869,quality,806,particles,827,tetrahydrofuranyl,597,stunning,287
products,183,pressureexerting,1379,angled,803,plate,868,switching,804,substrate,798,tips,589,laterite,286
connected,181,heme,1373,actuators,791,reaction,857,damage,788,compound,789,thromboembolic,587,murine,286
aqueous,181,constantflow,1360,wrap,781,compositions,854,centre,786,agent,777,csn,558,nc,278
outer,178,cyc2,1296,wavefront,780,metal,827,dementia,779,reaction,776,atorvastatin,552,lattice,277
housing,178,z2no2,1273,walled,760,support,824,oxidation,775,group,741,erythrocytes,549,homogenous,271
axis,177,lipidic,1226,vane,758,associated,812,syndrome,766,hydrogen,716,halogenoalkyl,535,hydration,267
unit,174,x1r11,1222,twisting,754,combination,811,genes,762,product,696,npt,532,reservoirs,264
solution,174,methylsubstituents,1206,trusses,753,relative,808,card,713,solution,690,md1,512,sectional,256
solid,172,hivinduced,1181,transponder,741,alkyl,762,nitro,700,optionally,669,indanyl,508,peptidomimetic,254
structure,171,conservatory,1165,towing,713,position,755,modulators,683,conditions,651,ornamental,501,ferrule,242
especially,169,25oh,1158,torsional,706,defined,754,oh,671,based,649,il8,499,ratchet,232
particles,168,cd22,1156,topically,688,useful,743,collecting,671,salt,646,deferiprone,497,quinazoline,229
together,165,cr5sr11,1140,tightening,687,control,686,cyclic,665,methods,633,administrable,495,evacuation,226
formed,164,meltable,1105,teat,684,wall,657,sodium,648,useful,627,instability,495,uptake,218
different,164,02wbe,1086,tea,672,assembly,651,variables,621,cell,621,cephalomannin,492,filmforming,209
upper,164,prestretched,1042,tasks,669,housing,620,antimicrobial,615,products,620,budesonide,491,dosages,209
plurality,163,sublayouts,1021,stunning,662,halogen,609,respiratory,613,novel,595,mines,482,immunity,208
assembly,163,lyophilisation,1020,stops,637,ring,602,bacillus,607,treating,587,solved,461,aroma,202
inner,157,oocr,1009,stiffness,615,inlet,593,fusion,570,compounds,578,renin,437,c1c2,202
capable,157,11h,950,stereoscopic,614,novel,559,capsule,566,combination,556,pyrano,428,5ht6,200
longitudinal,153,trifluoromethanesulfonyl,935,sideways,564,salt,548,lipid,564,plants,553,oxynitride,401,secreted,198
direction,152,heterocyclyloxy,855,sends,558,plant,519,strain,558,n,547,menstruation,398,staphylococcus,193
ring,152,insufflation,833,sectional,524,frame,518,branched,551,sequence,545,lactam,388,walled,184
wall,150,heparanase,824,rotogravure,471,represents,518,amine,535,processes,537,amplifiers,368,cuts,177
air,146,economy,815,restrict,450,outlet,516,catalytic,534,acid,533,perimetric,350,phenolic,172
substantially,138,coprecipitated,791,records,392,plants,512,diagnostic,529,cells,481,roasted,343,analog,167
high,137,lauryl,775,ratchet,383,compounds,495,solutions,526,aqueous,468,tumorous,315,heterocycles,165
plate,134,scooter,695,protects,371,sequence,494,pigment,504,receptor,467,brown,314,symmetrical,153
along,132,hexafluorocyclopropane,661,probability,365,phase,490,melting,493,groups,445,resistances,304,assessment,145
region,131,nr4a2,649,prescribed,337,light,480,represented,484,h,437,wedged,296,bullet,143
providing,129,functionalities,605,playback,318,controlling,446,washing,479,compositions,422,fluidization,287,embossed,133
based,129,capble,531,pinion,309,pharmaceutical,426,vivo,475,r1,409,secondtype,258,garments,132
area,124,butyrate,518,obliquely,276,substituted,411,variant,473,preparation,384,antihypertensive,244,paints,125
frame,124,halfbody,513,neighboring,268,r1,410,gel,472,preparing,369,plau,235,ageing,125
relative,124,deta,505,multichannel,241,acceptable,405,drugs,457,information,358,contrary,235,dispersant,123
temperature,122,ne,505,marks,211,hydrogen,369,milk,457,formula,334,fried,230,afterwards,121
phase,122,prevailing,442,margin,207,r2,367,obtainable,436,acceptable,308,altitude,228,geometrical,118
forming,122,300mm2,409,lupin,207,salts,358,polymers,430,r2,303,linkers,219,agitator,113
valve,119,metalfree,400,lightemitting,203,derivatives,332,found,429,x,299,impaction,213,nib,106
section,118,tolerogenic,364,inverter,185,r3,327,species,410,amino,292,grind,202,glucan,100
flow,117,oc16alkylene,364,instruments,175,cells,318,ligand,394,pharmaceutical,286,readytoeat,177,prescribed,98
coating,115,dpp3,355,inputs,175,activity,298,oven,320,substituted,281,redirection,177,stops,95
inlet,114,c2c12alkinyl,340,inflated,157,signal,285,combating,308,alkyl,275,desorbed,169,consumed,90
elements,111,3pyrrolidin1yl,322,hookshaped,141,r4,282,steam,306,diseases,274,glycopyrrolate,162,rotogravure,90
contact,108,compoundspharmaceutical,310,hinging,137,general,240,images,294,disorders,266,selfpropelled,141,twisting,87
order,107,extrinsic,306,fsw,131,h,238,interest,285,pharmaceutically,266,agglomerate,124,interspace,83
located,107,rhoa,297,filming,129,diseases,229,phytopathogenic,271,salts,234,multisubstrate,111,supercritical,77
light,107,r2r2,288,ferrule,126,data,215,wiper,262,derivatives,155,boat,82,vane,74
outlet,106,protonated,239,expander,115,disorders,204,viral,239,r3,143,infiltration,77,choke,58
step,99,mouting,207,enclose,114,pharmaceutically,197,administered,235,protein,115,drosophila,67,hpv,50
carbon,98,moderating,122,embossed,107,cell,170,conversion,230,activity,105,heatable,63,ribosome,46
gas,97,lpsstimulated,112,cyclonic,98,protein,153,residue,176,disease,104,sloped,61,cages,45
steps,92,miniemulsion,77,cutout,96,valve,143,mammal,160,cancer,103,hydrophobically,58,mercury,34
substrate,87,protec,39,choke,92,disease,137,integer,122,r4,83,phosphates,56,diglyceride,31
signal,71,oxalic,29,characters,88,cancer,111,copper,106,antibodies,83,subchassis,47,collapsible,31
data,62,edema,12,bullet,29,processes,109,phosphate,105,binding,70,moisturization,47,slags,18
metal,62,fretshaped,1,bogie,15,receptor,74,pulmonary,92,represents,61,2ethoxy,38,heteroarylalkyl,14
heat,53,,,assessment,14,antibodies,70,moiety,86,halogen,41,managed,37,antibiotics,8
reaction,43,,,aroma,12,atom,30,interaction,77,atom,39,so3h,34,teat,5
information,27,,,affixed,9,inhibitors,28,halo,74,general,14,yl,3,c23,4
stream,16,,,,,information,11,,,inhibitors,6,,,,